hero_id;hero_name;asset_id;asset_type;source_file;source_pdf_page;recommended_action;priority;status;notes
hero-002;ИГОРЬ;hero-002_photo_03;group;hero-002/groups/hero-002_photo_03_master.png;16;enhance_group;high;pending;"Проверенный master_from_pdf; скопирован без изменения"
hero-006;АЛИМАМЕД;hero-006_p031_image188;group;hero-006/groups/hero-006_p031_image188.jpg;31;enhance_group;high;pending;"Нативный поток из source/reference.pdf без повторного сжатия; разметка смешанной страницы; несколько сопоставимых лиц"
hero-009;ЕГОР;hero-009_p039_image224;group;hero-009/groups/hero-009_p039_image224.jpg;39;enhance_group;high;pending;"Нативный поток из source/reference.pdf без повторного сжатия; несколько сопоставимых лиц"
hero-011;АНДРЕЙ;hero-011_p046_image254;group;hero-011/groups/hero-011_p046_image254.jpg;46;enhance_group;medium;pending;"Нативный поток из source/reference.pdf без повторного сжатия; фото без уверенно обнаруженного лица; лица автоматически не обнаружены; REVIEW_REQUIRED: проверить тип и пригодность перед раздачей"
hero-013;ВАДИМ;hero-013_p052_image283;group;hero-013/groups/hero-013_p052_image283.jpg;52;enhance_group;high;pending;"Нативный поток из source/reference.pdf без повторного сжатия; несколько сопоставимых лиц"
hero-014;ЕВГЕНИЙ;hero-014_p056_image303;group;hero-014/groups/hero-014_p056_image303.jpg;56;enhance_group;high;pending;"Нативный поток из source/reference.pdf без повторного сжатия; несколько сопоставимых лиц"
hero-017;АЛЕКСАНДР;hero-017_p066_image341;group;hero-017/groups/hero-017_p066_image341.jpg;66;enhance_group;high;pending;"Нативный поток из source/reference.pdf без повторного сжатия; несколько сопоставимых лиц"
hero-023;ДМИТРИЙ;hero-023_p083_image417;group;hero-023/groups/hero-023_p083_image417.jpg;83;enhance_group;high;pending;"Нативный поток из source/reference.pdf без повторного сжатия; несколько сопоставимых лиц"
hero-028;ТАЛГАТ;hero-028_p099_image480;group;hero-028/groups/hero-028_p099_image480.jpg;99;enhance_group;high;pending;"Нативный поток из source/reference.pdf без повторного сжатия; несколько сопоставимых лиц"
hero-029;АЛЕКСАНДР;hero-029_p104_image503;group;hero-029/groups/hero-029_p104_image503.jpg;104;enhance_group;medium;pending;"Нативный поток из source/reference.pdf без повторного сжатия; фото без уверенно обнаруженного лица; лица автоматически не обнаружены; REVIEW_REQUIRED: проверить тип и пригодность перед раздачей"
hero-030;ВЯЧЕСЛАВ;hero-030_p107_image517;group;hero-030/groups/hero-030_p107_image517.jpg;107;enhance_group;high;pending;"Нативный поток из source/reference.pdf без повторного сжатия; несколько сопоставимых лиц"
hero-035;ИЛЬЯ;hero-035_p122_image581;group;hero-035/groups/hero-035_p122_image581.jpg;122;enhance_group;high;pending;"Нативный поток из source/reference.pdf без повторного сжатия; несколько сопоставимых лиц"
hero-038;ВЯЧЕСЛАВ;hero-038_p131_image616;group;hero-038/groups/hero-038_p131_image616.jpg;131;enhance_group;high;pending;"Нативный поток из source/reference.pdf без повторного сжатия; несколько сопоставимых лиц"
hero-043;ВЛАДИСЛАВ;hero-043_p146_image671;group;hero-043/groups/hero-043_p146_image671.jpg;146;enhance_group;medium;pending;"Нативный поток из source/reference.pdf без повторного сжатия; фото без уверенно обнаруженного лица; лица автоматически не обнаружены; REVIEW_REQUIRED: проверить тип и пригодность перед раздачей"
hero-044;РАМИЛЬ;hero-044_p149_image688;group;hero-044/groups/hero-044_p149_image688.jpg;149;enhance_group;high;pending;"Нативный поток из source/reference.pdf без повторного сжатия; несколько сопоставимых лиц"
hero-046;АНАТОЛИЙ;hero-046_p155_image714;group;hero-046/groups/hero-046_p155_image714.jpg;155;enhance_group;high;pending;"Нативный поток из source/reference.pdf без повторного сжатия; несколько сопоставимых лиц"
hero-049;РОМАН;hero-049_p166_image759;group;hero-049/groups/hero-049_p166_image759.jpg;166;enhance_group;high;pending;"Нативный поток из source/reference.pdf без повторного сжатия; несколько сопоставимых лиц"
hero-050;МУСТАФА;hero-050_p170_image774;group;hero-050/groups/hero-050_p170_image774.jpg;170;enhance_group;high;pending;"Нативный поток из source/reference.pdf без повторного сжатия; несколько сопоставимых лиц"
hero-052;ВИКТОР;hero-052_p176_image799;group;hero-052/groups/hero-052_p176_image799.jpg;176;enhance_group;high;pending;"Нативный поток из source/reference.pdf без повторного сжатия; несколько сопоставимых лиц"
hero-054;ВЯЧЕСЛАВ;hero-054_p182_image820;group;hero-054/groups/hero-054_p182_image820.jpg;182;enhance_group;high;pending;"Нативный поток из source/reference.pdf без повторного сжатия; несколько сопоставимых лиц"
hero-055;ВЯЧЕСЛАВ;hero-055_p187_image840;group;hero-055/groups/hero-055_p187_image840.jpg;187;enhance_group;high;pending;"Нативный поток из source/reference.pdf без повторного сжатия; несколько сопоставимых лиц"
hero-058;ДМИТРИЙ;hero-058_p197_image881;group;hero-058/groups/hero-058_p197_image881.jpg;197;enhance_group;high;pending;"Нативный поток из source/reference.pdf без повторного сжатия; несколько сопоставимых лиц"
hero-062;АЛЕКСАНДР;hero-062_p208_image924;group;hero-062/groups/hero-062_p208_image924.jpg;208;enhance_group;medium;pending;"Нативный поток из source/reference.pdf без повторного сжатия; фото без уверенно обнаруженного лица; лица автоматически не обнаружены; REVIEW_REQUIRED: проверить тип и пригодность перед раздачей"
hero-064;ВЯЧЕСЛАВ;hero-064_p214_image945;group;hero-064/groups/hero-064_p214_image945.jpg;214;enhance_group;high;pending;"Нативный поток из source/reference.pdf без повторного сжатия; несколько сопоставимых лиц"
hero-067;ЕВГЕНИЙ;hero-067_p224_image979;group;hero-067/groups/hero-067_p224_image979.jpg;224;enhance_group;high;pending;"Нативный поток из source/reference.pdf без повторного сжатия; несколько сопоставимых лиц"
hero-069;АНТОН;hero-069_p231_image1010;group;hero-069/groups/hero-069_p231_image1010.jpg;231;enhance_group;medium;pending;"Нативный поток из source/reference.pdf без повторного сжатия; фото без уверенно обнаруженного лица; лица автоматически не обнаружены; REVIEW_REQUIRED: проверить тип и пригодность перед раздачей"
hero-071;АЛЕКСАНДР;hero-071_p238_image1037;group;hero-071/groups/hero-071_p238_image1037.jpg;238;enhance_group;high;pending;"Нативный поток из source/reference.pdf без повторного сжатия; несколько сопоставимых лиц"
hero-074;АРТУР;hero-074_p247_image1070;group;hero-074/groups/hero-074_p247_image1070.jpg;247;enhance_group;medium;pending;"Нативный поток из source/reference.pdf без повторного сжатия; разметка смешанной страницы; несколько сопоставимых лиц; REVIEW_REQUIRED: проверить тип и пригодность перед раздачей"
hero-076;НИКОЛАЙ;hero-076_p254_image1102;group;hero-076/groups/hero-076_p254_image1102.jpg;254;enhance_group;high;pending;"Нативный поток из source/reference.pdf без повторного сжатия; несколько сопоставимых лиц"
hero-003;ВЯЧЕСЛАВ;hero-003_p020_image146;portrait;hero-003/portraits/hero-003_p020_image146.jpg;20;enhance_person;high;pending;"Нативный поток из source/reference.pdf без повторного сжатия; одно доминирующее лицо"
hero-004;НИКОЛАЙ;hero-004_p025_image168;portrait;hero-004/portraits/hero-004_p025_image168.jpg;25;enhance_person;high;pending;"Нативный поток из source/reference.pdf без повторного сжатия; разметка смешанной страницы; одно доминирующее лицо"
hero-008;ЯКОВ;hero-008_p036_image210;portrait;hero-008/portraits/hero-008_p036_image210.jpg;36;enhance_person;high;pending;"Нативный поток из source/reference.pdf без повторного сжатия; одно доминирующее лицо"
hero-010;АЛЕКСЕЙ;hero-010_p043_image243;portrait;hero-010/portraits/hero-010_p043_image243.jpg;43;enhance_person;high;pending;"Нативный поток из source/reference.pdf без повторного сжатия; разметка смешанной страницы; одно доминирующее лицо"
hero-014;ЕВГЕНИЙ;hero-014_p056_image302;portrait;hero-014/portraits/hero-014_p056_image302.jpg;56;enhance_person;high;pending;"Нативный поток из source/reference.pdf без повторного сжатия; одно доминирующее лицо"
hero-019;АНАТОЛИЙ;hero-019_p071_image366;portrait;hero-019/portraits/hero-019_p071_image366.jpg;71;enhance_person;high;pending;"Нативный поток из source/reference.pdf без повторного сжатия; одно доминирующее лицо"
hero-021;АЛЕКСИ;hero-021_p077_image396;portrait;hero-021/portraits/hero-021_p077_image396.jpg;77;enhance_person;high;pending;"Нативный поток из source/reference.pdf без повторного сжатия; одно доминирующее лицо"
hero-023;ДМИТРИЙ;hero-023_p083_image419;portrait;hero-023/portraits/hero-023_p083_image419.jpg;83;enhance_person;medium;pending;"Нативный поток из source/reference.pdf без повторного сжатия; фото без уверенно обнаруженного лица; лица автоматически не обнаружены; REVIEW_REQUIRED: проверить тип и пригодность перед раздачей"
hero-025;САЛАМ;hero-025_p089_image444;portrait;hero-025/portraits/hero-025_p089_image444.jpg;89;enhance_person;high;pending;"Нативный поток из source/reference.pdf без повторного сжатия; одно доминирующее лицо"
hero-027;АЛЕКСАНДР;hero-027_p096_image468;portrait;hero-027/portraits/hero-027_p096_image468.jpg;96;enhance_person;high;pending;"Нативный поток из source/reference.pdf без повторного сжатия; одно доминирующее лицо"
hero-028;ТАЛГАТ;hero-028_p100_image486;portrait;hero-028/portraits/hero-028_p100_image486.jpg;100;enhance_person;high;pending;"Нативный поток из source/reference.pdf без повторного сжатия; одно доминирующее лицо"
hero-031;СЕРГЕЙ;hero-031_p110_image527;portrait;hero-031/portraits/hero-031_p110_image527.jpg;110;enhance_person;high;pending;"Нативный поток из source/reference.pdf без повторного сжатия; одно доминирующее лицо"
hero-032;НИКОЛАЙ;hero-032_p113_image541;portrait;hero-032/portraits/hero-032_p113_image541.jpg;113;enhance_person;high;pending;"Нативный поток из source/reference.pdf без повторного сжатия; одно доминирующее лицо"
hero-034;ТИМУР;hero-034_p119_image568;portrait;hero-034/portraits/hero-034_p119_image568.jpg;119;enhance_person;high;pending;"Нативный поток из source/reference.pdf без повторного сжатия; одно доминирующее лицо"
hero-037;ДАМИР;hero-037_p128_image604;portrait;hero-037/portraits/hero-037_p128_image604.jpg;128;enhance_person;high;pending;"Нативный поток из source/reference.pdf без повторного сжатия; одно доминирующее лицо"
hero-040;РОМАН;hero-040_p137_image639;portrait;hero-040/portraits/hero-040_p137_image639.jpg;137;enhance_person;high;pending;"Нативный поток из source/reference.pdf без повторного сжатия; одно доминирующее лицо"
hero-044;РАМИЛЬ;hero-044_p149_image687;portrait;hero-044/portraits/hero-044_p149_image687.jpg;149;enhance_person;high;pending;"Нативный поток из source/reference.pdf без повторного сжатия; одно доминирующее лицо"
hero-047;АЛЕКСАНДР;hero-047_p159_image727;portrait;hero-047/portraits/hero-047_p159_image727.jpg;159;enhance_person;high;pending;"Нативный поток из source/reference.pdf без повторного сжатия; одно доминирующее лицо"
hero-048;ВЯЧЕСЛАВ;hero-048_p163_image745;portrait;hero-048/portraits/hero-048_p163_image745.jpg;163;enhance_person;high;pending;"Нативный поток из source/reference.pdf без повторного сжатия; одно доминирующее лицо"
hero-053;ВЯЧЕСЛАВ;hero-053_p179_image807;portrait;hero-053/portraits/hero-053_p179_image807.jpg;179;enhance_person;high;pending;"Нативный поток из source/reference.pdf без повторного сжатия; одно доминирующее лицо"
hero-054;ВЯЧЕСЛАВ;hero-054_p184_image830;portrait;hero-054/portraits/hero-054_p184_image830.jpg;184;enhance_person;high;pending;"Нативный поток из source/reference.pdf без повторного сжатия; одно доминирующее лицо"
hero-059;ИЛЬДАР;hero-059_p199_image891;portrait;hero-059/portraits/hero-059_p199_image891.jpg;199;enhance_person;high;pending;"Нативный поток из source/reference.pdf без повторного сжатия; одно доминирующее лицо"
hero-063;НИКОЛАЙ;hero-063_p211_image933;portrait;hero-063/portraits/hero-063_p211_image933.jpg;211;enhance_person;high;pending;"Нативный поток из source/reference.pdf без повторного сжатия; одно доминирующее лицо"
hero-066;ИЛЬГАМ;hero-066_p220_image965;portrait;hero-066/portraits/hero-066_p220_image965.jpg;220;enhance_person;high;pending;"Нативный поток из source/reference.pdf без повторного сжатия; одно доминирующее лицо"
hero-068;АБДУЛБЕК;hero-068_p228_image999;portrait;hero-068/portraits/hero-068_p228_image999.jpg;228;enhance_person;high;pending;"Нативный поток из source/reference.pdf без повторного сжатия; одно доминирующее лицо"
hero-070;АЛЕКСЕЙ;hero-070_p235_image1025;portrait;hero-070/portraits/hero-070_p235_image1025.jpg;235;enhance_person;high;pending;"Нативный поток из source/reference.pdf без повторного сжатия; одно доминирующее лицо"
hero-075;АНДРЕЙ;hero-075_p251_image1087;portrait;hero-075/portraits/hero-075_p251_image1087.jpg;251;enhance_person;high;pending;"Нативный поток из source/reference.pdf без повторного сжатия; одно доминирующее лицо"
hero-014;ЕВГЕНИЙ;hero-014_p058_image311;drawing;hero-014/drawings/hero-014_p058_image311.jpg;58;enhance_drawing;medium;pending;"Нативный поток из source/reference.pdf без повторного сжатия; страница классифицирована как детский рисунок"
