page;section;hero_id;page_type;has_text_layer;image_count;needs_ocr;needs_review;review_reasons;visual_page_type;visual_features;visual_confidence;visual_review_required;visual_notes;note
1;front-matter;;cover_title;True;4;False;False;;;;;;;Титульный лист: ПИСЬМА ПАМЯТИ ТОМ I
2;front-matter;;imprint;True;1;False;False;;;;;;;Титул с выходными данными (издано по инициативе АНО)
3;front-matter;;participants_list;True;1;False;False;;;;;;;Список участников акции: субъекты РФ
4;front-matter;;official_document;True;1;False;False;;;;;;;Указ Президента РФ о Годе народного единства
5;front-matter;;greeting_letter;True;2;False;False;;;;;;;Обращение к юным авторам (вводное письмо)
6;front-matter;;greeting_letter;True;2;False;False;;;;;;;Обращение к юным авторам (вводное письмо)
7;front-matter;;greeting_letter;True;1;False;False;;;;;;;Обращение от Ассамблеи Народов Мира
8;front-matter;;news_block;True;3;False;False;;;;;;;Награждение в Министерстве обороны РФ, 9 июня 2025
9;front-matter;;dialogue_intro;True;2;False;False;;;;;;;Диалог Героя Соцтруда А. А. Макарычева с сыном Героя СВО
10;front-matter;;greeting_letter;True;1;False;False;;;;;;;Обращение от движения «Сенежский форум»
11;front-matter;;greeting_letter;True;1;False;False;;;;;;;Обращение к юным авторам, о Годе народного единства
12;heroes;hero-001;hero_title;True;4;False;False;;;;;;;МОЯ МАМА АНАСТАСИЯ ИГОРЬ Волгоградская область г. Волгоград
13;heroes;hero-001;hero_scan_page;False;4;;True;scan_content_not_classified (письмо/фото/рисунок — нужна визуальная разметка);photo_collage;has_multiple_photos | has_portrait | has_child_art;0.85;False;;Страница без текстового слоя: сканы (рукописное письмо / фото / детский рисунок)
14;heroes;hero-001;hero_scan_page;False;1;;True;scan_content_not_classified (письмо/фото/рисунок — нужна визуальная разметка);handwritten_letter;has_handwriting;0.9;False;;Страница без текстового слоя: сканы (рукописное письмо / фото / детский рисунок)
15;heroes;hero-002;hero_title;True;5;False;True;authors_not_parsed;person_opener;has_coat_of_arms | has_map;0.9;True;editorial_issue:eq-008 (имена авторов смешанным регистром);НАШ ОТЕЦ ИГОРЬ Назар и Элина Донецкая Народная Республика г. Новосибирск
16;heroes;hero-002;hero_scan_page;False;3;;True;scan_content_not_classified (письмо/фото/рисунок — нужна визуальная разметка);photo_collage;has_multiple_photos | has_child_art | has_medal_or_award;0.8;False;;Страница без текстового слоя: сканы (рукописное письмо / фото / детский рисунок)
17;heroes;hero-002;hero_scan_page;False;5;;True;scan_content_not_classified (письмо/фото/рисунок — нужна визуальная разметка);mixed_material;has_handwriting | has_child_art | has_family_photo;0.75;False;;Страница без текстового слоя: сканы (рукописное письмо / фото / детский рисунок)
18;heroes;hero-002;hero_scan_page;False;2;;True;scan_content_not_classified (письмо/фото/рисунок — нужна визуальная разметка);handwritten_letter;has_handwriting;0.9;False;;Страница без текстового слоя: сканы (рукописное письмо / фото / детский рисунок)
19;heroes;hero-003;hero_title;True;4;False;False;;;;;;;НАШ ОТЕЦ ВЯЧЕСЛАВ РУСЛАН, КАМИЛЛА, САБИНА Новосибирская область г. Новосибирск
20;heroes;hero-003;hero_scan_page;False;4;;True;scan_content_not_classified (письмо/фото/рисунок — нужна визуальная разметка);photo_collage;has_family_photo | has_multiple_photos;0.85;False;;Страница без текстового слоя: сканы (рукописное письмо / фото / детский рисунок)
21;heroes;hero-003;hero_scan_page;False;1;;True;scan_content_not_classified (письмо/фото/рисунок — нужна визуальная разметка);handwritten_letter;has_handwriting;0.9;False;;Страница без текстового слоя: сканы (рукописное письмо / фото / детский рисунок)
22;heroes;hero-003;hero_scan_page;False;1;;True;scan_content_not_classified (письмо/фото/рисунок — нужна визуальная разметка);handwritten_letter;has_handwriting;0.9;False;;Страница без текстового слоя: сканы (рукописное письмо / фото / детский рисунок)
23;heroes;hero-003;hero_scan_page;False;1;;True;scan_content_not_classified (письмо/фото/рисунок — нужна визуальная разметка);handwritten_letter;has_handwriting;0.9;False;;Страница без текстового слоя: сканы (рукописное письмо / фото / детский рисунок)
24;heroes;hero-004;hero_title;True;4;False;False;;;;;;;МОЙ ОТЕЦ НИКОЛАЙ МИХАИЛ Республика Хакасия г. Абакан
25;heroes;hero-004;hero_scan_page;False;3;;True;scan_content_not_classified (письмо/фото/рисунок — нужна визуальная разметка);mixed_material;has_handwriting | has_family_photo;0.75;False;;Страница без текстового слоя: сканы (рукописное письмо / фото / детский рисунок)
26;heroes;hero-005;hero_title;True;4;False;False;;;;;;;МОЙ ОТЕЦ ЕВГЕНИЙ ИВАН Новосибирская область г. Новосибирск
27;heroes;hero-005;hero_scan_page;False;3;;True;scan_content_not_classified (письмо/фото/рисунок — нужна визуальная разметка);photo_collage;has_family_photo;0.85;False;;Страница без текстового слоя: сканы (рукописное письмо / фото / детский рисунок)
28;heroes;hero-005;hero_scan_page;False;1;;True;scan_content_not_classified (письмо/фото/рисунок — нужна визуальная разметка);handwritten_letter;has_handwriting;0.9;False;;Страница без текстового слоя: сканы (рукописное письмо / фото / детский рисунок)
29;heroes;hero-006;hero_title;True;4;False;False;;;;;;;НАШ ОТЕЦ АЛИМАМЕД РУСЛАН, МУРАД Новосибирская область г. Новосибирск
30;heroes;hero-006;hero_scan_page;False;2;;True;scan_content_not_classified (письмо/фото/рисунок — нужна визуальная разметка);photo_collage;has_family_photo | has_medal_or_award;0.85;False;;Страница без текстового слоя: сканы (рукописное письмо / фото / детский рисунок)
31;heroes;hero-006;hero_scan_page;False;1;;True;scan_content_not_classified (письмо/фото/рисунок — нужна визуальная разметка);mixed_material;has_handwriting | has_official_symbols;0.7;False;;Страница без текстового слоя: сканы (рукописное письмо / фото / детский рисунок)
32;heroes;hero-007;hero_title;True;4;False;False;;;;;;;МОЙ ОТЕЦ АЛМАТ АДЕЛИНА Оренбургская область г. Оренбург
33;heroes;hero-007;hero_scan_page;False;3;;True;scan_content_not_classified (письмо/фото/рисунок — нужна визуальная разметка);photo_collage;has_medal_or_award | has_family_photo;0.85;False;;Страница без текстового слоя: сканы (рукописное письмо / фото / детский рисунок)
34;heroes;hero-007;hero_scan_page;False;2;;True;scan_content_not_classified (письмо/фото/рисунок — нужна визуальная разметка);mixed_material;has_family_photo | has_handwriting;0.75;False;;Страница без текстового слоя: сканы (рукописное письмо / фото / детский рисунок)
35;heroes;hero-008;hero_title;True;4;False;False;;;;;;;НАШ ОТЕЦ ЯКОВ ИВАН, АЛИНА Республика Хакасия г. Абакан
36;heroes;hero-008;hero_scan_page;False;3;;True;scan_content_not_classified (письмо/фото/рисунок — нужна визуальная разметка);photo_collage;has_family_photo;0.85;False;;Страница без текстового слоя: сканы (рукописное письмо / фото / детский рисунок)
37;heroes;hero-008;hero_scan_page;False;3;;True;scan_content_not_classified (письмо/фото/рисунок — нужна визуальная разметка);mixed_material;has_family_photo | has_handwriting;0.75;False;;Страница без текстового слоя: сканы (рукописное письмо / фото / детский рисунок)
38;heroes;hero-009;hero_title;True;4;False;False;;;;;;;НАШ ОТЕЦ ЕГОР УЛЬЯНА, ЕКАТЕРИНА, ТИХОН Карачаево - Черкесская республика г. Черкесск
39;heroes;hero-009;hero_scan_page;False;2;;True;scan_content_not_classified (письмо/фото/рисунок — нужна визуальная разметка);photo_collage;has_family_photo;0.8;False;;Страница без текстового слоя: сканы (рукописное письмо / фото / детский рисунок)
40;heroes;hero-009;hero_scan_page;False;2;;True;scan_content_not_classified (письмо/фото/рисунок — нужна визуальная разметка);mixed_material;has_family_photo | has_handwriting;0.8;False;;Страница без текстового слоя: сканы (рукописное письмо / фото / детский рисунок)
41;heroes;hero-010;hero_title;True;4;False;False;;;;;;;МОЙ ОТЕЦ АЛЕКСЕЙ ПОЛИНА Нижегородская область г. Нижний Новгород
42;heroes;hero-010;hero_scan_page;False;3;;True;scan_content_not_classified (письмо/фото/рисунок — нужна визуальная разметка);photo_collage;has_medal_or_award | has_family_photo;0.85;False;;Страница без текстового слоя: сканы (рукописное письмо / фото / детский рисунок)
43;heroes;hero-010;hero_scan_page;False;2;;True;scan_content_not_classified (письмо/фото/рисунок — нужна визуальная разметка);mixed_material;has_handwriting | has_family_photo | has_low_readability;0.9;False;"тёмные/малоконтрастные фото | previous: page_type=mixed_material, confidence=0.6 | Полноразмерный просмотр: фото сверху + письмо снизу; уверенность повышена с 0.6";Страница без текстового слоя: сканы (рукописное письмо / фото / детский рисунок)
44;heroes;hero-011;hero_title;True;4;False;False;;;;;;;НАШ ОТЕЦ АНДРЕЙ ДАМИАН, ВИТАЛИНА, ЭМИЛИЯ, НИКИТА Карачаево - Черкесская республика г. Черкесск
45;heroes;hero-011;hero_scan_page;False;2;;True;scan_content_not_classified (письмо/фото/рисунок — нужна визуальная разметка);photo_collage;has_medal_or_award | has_family_photo;0.85;False;;Страница без текстового слоя: сканы (рукописное письмо / фото / детский рисунок)
46;heroes;hero-011;hero_scan_page;False;3;;True;scan_content_not_classified (письмо/фото/рисунок — нужна визуальная разметка);photo_collage;has_family_photo | has_multiple_photos;0.85;False;;Страница без текстового слоя: сканы (рукописное письмо / фото / детский рисунок)
47;heroes;hero-011;hero_scan_page;False;1;;True;scan_content_not_classified (письмо/фото/рисунок — нужна визуальная разметка);handwritten_letter;has_handwriting;0.9;False;;Страница без текстового слоя: сканы (рукописное письмо / фото / детский рисунок)
48;heroes;hero-012;hero_title;True;4;False;False;;;;;;;НАШ ОТЕЦ ВИКТОР ВАРВАРА, АРИНА Псковская область г. Псков
49;heroes;hero-012;hero_scan_page;False;3;;True;scan_content_not_classified (письмо/фото/рисунок — нужна визуальная разметка);photo_collage;has_medal_or_award | has_family_photo;0.85;False;;Страница без текстового слоя: сканы (рукописное письмо / фото / детский рисунок)
50;heroes;hero-012;hero_scan_page;False;2;;True;scan_content_not_classified (письмо/фото/рисунок — нужна визуальная разметка);mixed_material;has_family_photo | has_handwriting;0.75;False;;Страница без текстового слоя: сканы (рукописное письмо / фото / детский рисунок)
51;heroes;hero-013;hero_title;True;4;False;False;;person_opener;has_medal_or_award | has_coat_of_arms | has_map;0.9;True;"editorial_issue:eq-006 — на самом рендере слайда видна ТОЛЬКО усечённая надпись «г.Санкт- Петербур»; полный вариант «г. Санкт-Петербург» в текстовом слое не виден на изображении -> вероятно скрытый/второй текстбокс";НАШ ОТЕЦ ВАДИМ ТИМУР, ЛЕОНИД, ГЕРМАН, ОЛЕГ, РАДА, РАДОМИР г. Санкт- Петербур г. Санкт-Петербург
52;heroes;hero-013;hero_scan_page;False;3;;True;scan_content_not_classified (письмо/фото/рисунок — нужна визуальная разметка);photo_collage;has_family_photo | has_medal_or_award | has_multiple_photos;0.85;False;;Страница без текстового слоя: сканы (рукописное письмо / фото / детский рисунок)
53;heroes;hero-013;hero_scan_page;False;4;;True;scan_content_not_classified (письмо/фото/рисунок — нужна визуальная разметка);photo_collage;has_medal_or_award | has_multiple_photos;0.85;False;;Страница без текстового слоя: сканы (рукописное письмо / фото / детский рисунок)
54;heroes;hero-013;hero_scan_page;False;1;;True;scan_content_not_classified (письмо/фото/рисунок — нужна визуальная разметка);handwritten_letter;has_handwriting;0.9;False;;Страница без текстового слоя: сканы (рукописное письмо / фото / детский рисунок)
55;heroes;hero-014;hero_title;True;4;False;False;;;;;;;НАШ ОТЕЦ ЕВГЕНИЙ АГАТА, МАКАР, ТАИСИЯ, ЯРОСЛАВА Курганская область г. Курган
56;heroes;hero-014;hero_scan_page;False;3;;True;scan_content_not_classified (письмо/фото/рисунок — нужна визуальная разметка);photo_collage;has_family_photo | has_multiple_photos;0.85;False;;Страница без текстового слоя: сканы (рукописное письмо / фото / детский рисунок)
57;heroes;hero-014;hero_scan_page;False;2;;True;scan_content_not_classified (письмо/фото/рисунок — нужна визуальная разметка);photo_collage;has_family_photo;0.85;False;;Страница без текстового слоя: сканы (рукописное письмо / фото / детский рисунок)
58;heroes;hero-014;hero_scan_page;False;1;;True;scan_content_not_classified (письмо/фото/рисунок — нужна визуальная разметка);child_drawing;has_child_art;0.9;False;;Страница без текстового слоя: сканы (рукописное письмо / фото / детский рисунок)
59;heroes;hero-014;hero_scan_page;False;1;;True;scan_content_not_classified (письмо/фото/рисунок — нужна визуальная разметка);handwritten_letter;has_handwriting;0.8;False;;Страница без текстового слоя: сканы (рукописное письмо / фото / детский рисунок)
60;heroes;hero-014;hero_scan_page;False;1;;True;scan_content_not_classified (письмо/фото/рисунок — нужна визуальная разметка);handwritten_letter;has_handwriting;0.9;False;;Страница без текстового слоя: сканы (рукописное письмо / фото / детский рисунок)
61;heroes;hero-015;hero_title;True;4;False;False;;;;;;;НАШ ОТЕЦ ИЛЬЯ КСЕНИЯ, ЕЛИЗАВЕТА Нижегородская область г. Нижний Новгород
62;heroes;hero-015;hero_scan_page;False;4;;True;scan_content_not_classified (письмо/фото/рисунок — нужна визуальная разметка);photo_collage;has_medal_or_award | has_family_photo;0.85;False;;Страница без текстового слоя: сканы (рукописное письмо / фото / детский рисунок)
63;heroes;hero-015;hero_scan_page;False;1;;True;scan_content_not_classified (письмо/фото/рисунок — нужна визуальная разметка);handwritten_letter;has_handwriting;0.9;False;;Страница без текстового слоя: сканы (рукописное письмо / фото / детский рисунок)
64;heroes;hero-016;hero_title;True;4;False;False;;person_opener;has_coat_of_arms | has_map;0.9;True;editorial_issue:eq-003 — блок героя (hero-016) состоит ТОЛЬКО из этой титульной страницы, материалов нет (следующая страница — уже титул hero-017);МОЙ ОТЕЦ АЛЕКСАНДР ИРИНА Красноярский край г. Красноярск
65;heroes;hero-017;hero_title;True;4;False;True;duplicate_title_text_of_page_64 (возможен дубль страницы или неисправленный шаблон);person_opener;has_coat_of_arms | has_map;0.9;True;"editorial_issue:eq-003 — визуально идентична p.064 (тот же текст, герб, карта); visually_confirmed_duplicate";МОЙ ОТЕЦ АЛЕКСАНДР ИРИНА Красноярский край г. Красноярск
66;heroes;hero-017;hero_scan_page;False;3;;True;scan_content_not_classified (письмо/фото/рисунок — нужна визуальная разметка);photo_collage;has_family_photo;0.85;False;;Страница без текстового слоя: сканы (рукописное письмо / фото / детский рисунок)
67;heroes;hero-017;hero_scan_page;False;1;;True;scan_content_not_classified (письмо/фото/рисунок — нужна визуальная разметка);handwritten_letter;has_handwriting;0.9;False;;Страница без текстового слоя: сканы (рукописное письмо / фото / детский рисунок)
68;heroes;hero-018;hero_title;True;4;False;False;;;;;;;МОЙ ОТЕЦ АНДРЕЙ ЕЛИЗАВЕТА Челябинская область г. Челябинск
69;heroes;hero-018;hero_scan_page;False;3;;True;scan_content_not_classified (письмо/фото/рисунок — нужна визуальная разметка);handwritten_letter;has_handwriting;0.85;False;;Страница без текстового слоя: сканы (рукописное письмо / фото / детский рисунок)
70;heroes;hero-019;hero_title;True;4;False;False;;;;;;;МОЙ ОТЕЦ АНАТОЛИЙ НИКИТА Ярославская область г. Ярославль
71;heroes;hero-019;hero_scan_page;False;3;;True;scan_content_not_classified (письмо/фото/рисунок — нужна визуальная разметка);photo_collage;has_family_photo;0.85;False;;Страница без текстового слоя: сканы (рукописное письмо / фото / детский рисунок)
72;heroes;hero-019;hero_scan_page;False;1;;True;scan_content_not_classified (письмо/фото/рисунок — нужна визуальная разметка);handwritten_letter;has_handwriting;0.9;False;;Страница без текстового слоя: сканы (рукописное письмо / фото / детский рисунок)
73;heroes;hero-020;hero_title;True;4;False;False;;;;;;;НАШ ОТЕЦ БУЛАТ ТИМУР, ДИЯР Астраханская область г. Астрахань
74;heroes;hero-020;hero_scan_page;False;3;;True;scan_content_not_classified (письмо/фото/рисунок — нужна визуальная разметка);photo_collage;has_family_photo;0.85;False;;Страница без текстового слоя: сканы (рукописное письмо / фото / детский рисунок)
75;heroes;hero-020;hero_scan_page;False;1;;True;scan_content_not_classified (письмо/фото/рисунок — нужна визуальная разметка);handwritten_letter;has_handwriting;0.85;False;;Страница без текстового слоя: сканы (рукописное письмо / фото / детский рисунок)
76;heroes;hero-021;hero_title;True;4;False;False;;;;;;;МОЙ ОТЕЦ АЛЕКСИ РУСЛАН Республика Адыгея г. Майкоп
77;heroes;hero-021;hero_scan_page;False;4;;True;scan_content_not_classified (письмо/фото/рисунок — нужна визуальная разметка);photo_collage;has_family_photo | has_multiple_photos;0.85;False;;Страница без текстового слоя: сканы (рукописное письмо / фото / детский рисунок)
78;heroes;hero-021;hero_scan_page;False;1;;True;scan_content_not_classified (письмо/фото/рисунок — нужна визуальная разметка);handwritten_letter;has_handwriting;0.9;False;;Страница без текстового слоя: сканы (рукописное письмо / фото / детский рисунок)
79;heroes;hero-022;hero_title;True;4;False;False;;;;;;;МОЙ ОТЕЦ СЕРГЕЙ СОФИЯ Курганская область г. Курган
80;heroes;hero-022;hero_scan_page;False;3;;True;scan_content_not_classified (письмо/фото/рисунок — нужна визуальная разметка);photo_collage;has_family_photo;0.85;False;;Страница без текстового слоя: сканы (рукописное письмо / фото / детский рисунок)
81;heroes;hero-022;hero_scan_page;False;1;;True;scan_content_not_classified (письмо/фото/рисунок — нужна визуальная разметка);handwritten_letter;has_handwriting;0.9;False;;Страница без текстового слоя: сканы (рукописное письмо / фото / детский рисунок)
82;heroes;hero-023;hero_title;True;4;False;False;;;;;;;МОЙ ОТЕЦ ДМИТРИЙ ПАВЕЛ Курганская область г. Курган
83;heroes;hero-023;hero_scan_page;False;3;;True;scan_content_not_classified (письмо/фото/рисунок — нужна визуальная разметка);portrait;has_portrait;0.7;False;одиночное фото, не коллаж;Страница без текстового слоя: сканы (рукописное письмо / фото / детский рисунок)
84;heroes;hero-023;hero_scan_page;False;1;;True;scan_content_not_classified (письмо/фото/рисунок — нужна визуальная разметка);mixed_material;has_handwriting | has_family_photo;0.75;False;;Страница без текстового слоя: сканы (рукописное письмо / фото / детский рисунок)
85;heroes;hero-024;hero_title;True;5;False;False;;;;;;;НАШ ОТЕЦ АЛЕКСЕЙ МАРК Красноярский край г. Новосибирск
86;heroes;hero-024;hero_scan_page;False;4;;True;scan_content_not_classified (письмо/фото/рисунок — нужна визуальная разметка);photo_collage;has_family_photo | has_multiple_photos;0.85;False;;Страница без текстового слоя: сканы (рукописное письмо / фото / детский рисунок)
87;heroes;hero-024;hero_scan_page;False;1;;True;scan_content_not_classified (письмо/фото/рисунок — нужна визуальная разметка);handwritten_letter;has_handwriting;0.9;False;;Страница без текстового слоя: сканы (рукописное письмо / фото / детский рисунок)
88;heroes;hero-025;hero_title;True;4;False;False;;;;;;;НАШ ОТЕЦ САЛАМ ХАДИЖА, КАМИЛЛА, ЗАИРА Республика Ингушетия г. Магас
89;heroes;hero-025;hero_scan_page;False;4;;True;scan_content_not_classified (письмо/фото/рисунок — нужна визуальная разметка);photo_collage;has_family_photo | has_multiple_photos;0.85;False;;Страница без текстового слоя: сканы (рукописное письмо / фото / детский рисунок)
90;heroes;hero-025;hero_scan_page;False;1;;True;scan_content_not_classified (письмо/фото/рисунок — нужна визуальная разметка);handwritten_letter;has_handwriting;0.9;False;;Страница без текстового слоя: сканы (рукописное письмо / фото / детский рисунок)
91;heroes;hero-026;hero_title;True;4;False;False;;;;;;;НАШ ОТЕЦ АЛЕКСАНДР УЛЬЯНА, ИЛЬЯ Новосибирская область г. Новосибирск
92;heroes;hero-026;hero_scan_page;False;4;;True;scan_content_not_classified (письмо/фото/рисунок — нужна визуальная разметка);mixed_material;has_family_photo | has_child_art;0.7;False;;Страница без текстового слоя: сканы (рукописное письмо / фото / детский рисунок)
93;heroes;hero-026;hero_scan_page;False;1;;True;scan_content_not_classified (письмо/фото/рисунок — нужна визуальная разметка);portrait;has_family_photo;0.75;False;одиночное фото: девочка с портретом героя;Страница без текстового слоя: сканы (рукописное письмо / фото / детский рисунок)
94;heroes;hero-026;hero_scan_page;False;1;;True;scan_content_not_classified (письмо/фото/рисунок — нужна визуальная разметка);handwritten_letter;has_handwriting;0.85;False;;Страница без текстового слоя: сканы (рукописное письмо / фото / детский рисунок)
95;heroes;hero-027;hero_title;True;4;False;False;;;;;;;МОЙ ОТЕЦ АЛЕКСАНДР ЕГОР Республика Хакасия г. Абакан
96;heroes;hero-027;hero_scan_page;False;3;;True;scan_content_not_classified (письмо/фото/рисунок — нужна визуальная разметка);photo_collage;has_family_photo | has_official_symbols;0.75;False;мемориальный баннер/билборд;Страница без текстового слоя: сканы (рукописное письмо / фото / детский рисунок)
97;heroes;hero-027;hero_scan_page;False;1;;True;scan_content_not_classified (письмо/фото/рисунок — нужна визуальная разметка);handwritten_letter;has_handwriting;0.7;False;короткая записка;Страница без текстового слоя: сканы (рукописное письмо / фото / детский рисунок)
98;heroes;hero-028;hero_title;True;4;False;False;;;;;;;НАШ ОТЕЦ ТАЛГАТ САФИЯ, ДИАНА Волгоградская область г. Волгоград
99;heroes;hero-028;hero_scan_page;False;3;;True;scan_content_not_classified (письмо/фото/рисунок — нужна визуальная разметка);photo_collage;has_medal_or_award | has_family_photo | has_multiple_photos;0.85;False;;Страница без текстового слоя: сканы (рукописное письмо / фото / детский рисунок)
100;heroes;hero-028;hero_scan_page;False;4;;True;scan_content_not_classified (письмо/фото/рисунок — нужна визуальная разметка);photo_collage;has_family_photo | has_multiple_photos;0.85;False;;Страница без текстового слоя: сканы (рукописное письмо / фото / детский рисунок)
101;heroes;hero-028;hero_scan_page;False;2;;True;scan_content_not_classified (письмо/фото/рисунок — нужна визуальная разметка);photo_collage;has_family_photo;0.85;False;;Страница без текстового слоя: сканы (рукописное письмо / фото / детский рисунок)
102;heroes;hero-028;hero_scan_page;False;1;;True;scan_content_not_classified (письмо/фото/рисунок — нужна визуальная разметка);handwritten_letter;has_handwriting;0.9;False;;Страница без текстового слоя: сканы (рукописное письмо / фото / детский рисунок)
103;heroes;hero-029;hero_title;True;4;False;False;;;;;;;НАШ ОТЕЦ АЛЕКСАНДР ГЛЕБ, ЕГОР Тюменская область г. Тюмень
104;heroes;hero-029;hero_scan_page;False;4;;True;scan_content_not_classified (письмо/фото/рисунок — нужна визуальная разметка);photo_collage;has_family_photo | has_multiple_photos;0.85;False;;Страница без текстового слоя: сканы (рукописное письмо / фото / детский рисунок)
105;heroes;hero-029;hero_scan_page;False;3;;True;scan_content_not_classified (письмо/фото/рисунок — нужна визуальная разметка);mixed_material;has_family_photo | has_handwriting;0.75;False;;Страница без текстового слоя: сканы (рукописное письмо / фото / детский рисунок)
106;heroes;hero-030;hero_title;True;1;False;True;city_missing;person_opener;has_medal_or_award;0.9;True;"editorial_issue:eq-001 (1/7) — титул содержит ТОЛЬКО значок ордена и текст на белом фоне; ОТСУТСТВУЮТ герб региона и карта РФ, присутствующие на всех остальных 76 титулах героев -> вероятно незавершённый/шаблонный слайд | possible_placeholder";НАШ ОТЕЦ ВЯЧЕСЛАВ РУСЛАН, КАМИЛЛА, САБИНА Новосибирская область
107;heroes;hero-030;hero_scan_page;False;4;;True;scan_content_not_classified (письмо/фото/рисунок — нужна визуальная разметка);photo_collage;has_medal_or_award | has_family_photo | has_multiple_photos;0.85;False;;Страница без текстового слоя: сканы (рукописное письмо / фото / детский рисунок)
108;heroes;hero-030;hero_scan_page;False;1;;True;scan_content_not_classified (письмо/фото/рисунок — нужна визуальная разметка);handwritten_letter;has_handwriting;0.75;False;короткая записка;Страница без текстового слоя: сканы (рукописное письмо / фото / детский рисунок)
109;heroes;hero-031;hero_title;True;4;False;False;;;;;;;НАШ ОТЕЦ СЕРГЕЙ ИРИНА, ДАРЬЯ Нижегородская область г. Нижний Новгород
110;heroes;hero-031;hero_scan_page;False;4;;True;scan_content_not_classified (письмо/фото/рисунок — нужна визуальная разметка);photo_collage;has_multiple_photos | has_medal_or_award;0.8;False;;Страница без текстового слоя: сканы (рукописное письмо / фото / детский рисунок)
111;heroes;hero-031;hero_scan_page;False;1;;True;scan_content_not_classified (письмо/фото/рисунок — нужна визуальная разметка);handwritten_letter;has_handwriting;0.9;False;;Страница без текстового слоя: сканы (рукописное письмо / фото / детский рисунок)
112;heroes;hero-032;hero_title;True;4;False;False;;;;;;;МОЙ ОТЕЦ НИКОЛАЙ КИРА Республика Адыгея г. Майкоп
113;heroes;hero-032;hero_scan_page;False;4;;True;scan_content_not_classified (письмо/фото/рисунок — нужна визуальная разметка);photo_collage;has_medal_or_award | has_family_photo | has_multiple_photos;0.85;False;;Страница без текстового слоя: сканы (рукописное письмо / фото / детский рисунок)
114;heroes;hero-032;hero_scan_page;False;1;;True;scan_content_not_classified (письмо/фото/рисунок — нужна визуальная разметка);handwritten_letter;has_handwriting;0.75;False;;Страница без текстового слоя: сканы (рукописное письмо / фото / детский рисунок)
115;heroes;hero-033;hero_title;True;4;False;False;;;;;;;НАШ ОТЕЦ МУРАД ЯСМИНА, УМУКУСУМ Республика Дагестан г. Махачкала
116;heroes;hero-033;hero_scan_page;False;3;;True;scan_content_not_classified (письмо/фото/рисунок — нужна визуальная разметка);photo_collage;has_medal_or_award | has_family_photo;0.85;False;;Страница без текстового слоя: сканы (рукописное письмо / фото / детский рисунок)
117;heroes;hero-033;hero_scan_page;False;1;;True;scan_content_not_classified (письмо/фото/рисунок — нужна визуальная разметка);handwritten_letter;has_handwriting;0.9;False;;Страница без текстового слоя: сканы (рукописное письмо / фото / детский рисунок)
118;heroes;hero-034;hero_title;True;4;False;False;;;;;;;НАШ ОТЕЦ ТИМУР ДАНИЭЛЬ, АЙСЫЛУ Тюменская область г. Тюмень
119;heroes;hero-034;hero_scan_page;False;4;;True;scan_content_not_classified (письмо/фото/рисунок — нужна визуальная разметка);photo_collage;has_family_photo;0.8;False;;Страница без текстового слоя: сканы (рукописное письмо / фото / детский рисунок)
120;heroes;hero-034;hero_scan_page;False;1;;True;scan_content_not_classified (письмо/фото/рисунок — нужна визуальная разметка);handwritten_letter;has_handwriting;0.75;False;;Страница без текстового слоя: сканы (рукописное письмо / фото / детский рисунок)
121;heroes;hero-035;hero_title;True;4;False;False;;;;;;;НАШ ОТЕЦ ИЛЬЯ ВАЛЕРИЯ, АЛЕКСАНДР, КСЕНИЯ Тюменская область г. Тюмень
122;heroes;hero-035;hero_scan_page;False;4;;True;scan_content_not_classified (письмо/фото/рисунок — нужна визуальная разметка);photo_collage;has_family_photo | has_multiple_photos;0.85;False;;Страница без текстового слоя: сканы (рукописное письмо / фото / детский рисунок)
123;heroes;hero-035;hero_scan_page;False;1;;True;scan_content_not_classified (письмо/фото/рисунок — нужна визуальная разметка);handwritten_letter;has_handwriting;0.9;False;;Страница без текстового слоя: сканы (рукописное письмо / фото / детский рисунок)
124;heroes;hero-036;hero_title;True;4;False;False;;;;;;;НАШ ОТЕЦ АНДРЕЙ КСЕНИЯ, АРТЁМ Свердловская область г. Екатеринбург
125;heroes;hero-036;hero_scan_page;False;3;;True;scan_content_not_classified (письмо/фото/рисунок — нужна визуальная разметка);photo_collage;has_family_photo;0.85;False;;Страница без текстового слоя: сканы (рукописное письмо / фото / детский рисунок)
126;heroes;hero-036;hero_scan_page;False;2;;True;scan_content_not_classified (письмо/фото/рисунок — нужна визуальная разметка);mixed_material;has_child_art | has_handwriting | has_official_symbols;0.8;False;;Страница без текстового слоя: сканы (рукописное письмо / фото / детский рисунок)
127;heroes;hero-037;hero_title;True;4;False;False;;;;;;;НАШ ОТЕЦ ДАМИР ИРКЕН, МИЛАНА, ИЛЬНАР Астраханская область г. Астрахань
128;heroes;hero-037;hero_scan_page;False;3;;True;scan_content_not_classified (письмо/фото/рисунок — нужна визуальная разметка);photo_collage;has_family_photo | has_multiple_photos;0.85;False;;Страница без текстового слоя: сканы (рукописное письмо / фото / детский рисунок)
129;heroes;hero-037;hero_scan_page;False;1;;True;scan_content_not_classified (письмо/фото/рисунок — нужна визуальная разметка);handwritten_letter;has_handwriting;0.9;False;;Страница без текстового слоя: сканы (рукописное письмо / фото / детский рисунок)
130;heroes;hero-038;hero_title;True;4;False;False;;;;;;;НАШ ОТЕЦ ВЯЧЕСЛАВ ЛЕОНИД, ВАРВАРА, РОМАН Тюменская область г. Тюмень
131;heroes;hero-038;hero_scan_page;False;4;;True;scan_content_not_classified (письмо/фото/рисунок — нужна визуальная разметка);photo_collage;has_family_photo | has_multiple_photos;0.85;False;;Страница без текстового слоя: сканы (рукописное письмо / фото / детский рисунок)
132;heroes;hero-038;hero_scan_page;False;1;;True;scan_content_not_classified (письмо/фото/рисунок — нужна визуальная разметка);handwritten_letter;has_handwriting;0.9;False;;Страница без текстового слоя: сканы (рукописное письмо / фото / детский рисунок)
133;heroes;hero-039;hero_title;True;4;False;False;;;;;;;МОЙ ОТЕЦ ВАСИЛИЙ ПАВЕЛ Республика Башкортостан г. Уфа
134;heroes;hero-039;hero_scan_page;False;3;;True;scan_content_not_classified (письмо/фото/рисунок — нужна визуальная разметка);photo_collage;has_medal_or_award | has_family_photo | has_multiple_photos;0.85;False;;Страница без текстового слоя: сканы (рукописное письмо / фото / детский рисунок)
135;heroes;hero-039;hero_scan_page;False;1;;True;scan_content_not_classified (письмо/фото/рисунок — нужна визуальная разметка);handwritten_letter;has_handwriting;0.9;False;;Страница без текстового слоя: сканы (рукописное письмо / фото / детский рисунок)
136;heroes;hero-040;hero_title;True;4;False;False;;;;;;;МОЙ ОТЕЦ РОМАН СВЯТОСЛАВ Тюменская область г. Тюмень
137;heroes;hero-040;hero_scan_page;False;3;;True;scan_content_not_classified (письмо/фото/рисунок — нужна визуальная разметка);photo_collage;has_family_photo;0.8;False;;Страница без текстового слоя: сканы (рукописное письмо / фото / детский рисунок)
138;heroes;hero-040;hero_scan_page;False;1;;True;scan_content_not_classified (письмо/фото/рисунок — нужна визуальная разметка);document_scan;has_handwriting | has_portrait | has_low_readability | has_caption;0.75;True;"необычная композиция, похоже на мемориальную карточку/буклет | previous: page_type=document_scan, confidence=0.5 | Полноразмерный просмотр: ксерокопированный композитный лист (заголовок + ч/б фото + письмо); уверенность повышена с 0.5";Страница без текстового слоя: сканы (рукописное письмо / фото / детский рисунок)
139;heroes;hero-041;hero_title;True;1;False;True;city_missing | duplicate_title_text_of_page_106 (возможен дубль страницы или неисправленный шаблон);person_opener;has_medal_or_award;0.9;True;editorial_issue:eq-001 (2/7) — тот же дефект, что и p.106: нет герба и карты | possible_placeholder;НАШ ОТЕЦ ВЯЧЕСЛАВ РУСЛАН, КАМИЛЛА, САБИНА Новосибирская область
140;heroes;hero-041;hero_scan_page;False;2;;True;scan_content_not_classified (письмо/фото/рисунок — нужна визуальная разметка);photo_collage;has_family_photo | has_official_symbols;0.8;False;;Страница без текстового слоя: сканы (рукописное письмо / фото / детский рисунок)
141;heroes;hero-041;hero_scan_page;False;1;;True;scan_content_not_classified (письмо/фото/рисунок — нужна визуальная разметка);handwritten_letter;has_handwriting;0.75;False;;Страница без текстового слоя: сканы (рукописное письмо / фото / детский рисунок)
142;heroes;hero-042;hero_title;True;4;False;False;;;;;;;НАШ ОТЕЦ ЕВГЕНИЙ ДМИТРИЙ, АРТЕМ, ПАЛИНА Республика Тыва г. Кызыл
143;heroes;hero-042;hero_scan_page;False;2;;True;scan_content_not_classified (письмо/фото/рисунок — нужна визуальная разметка);photo_collage;has_family_photo;0.8;False;;Страница без текстового слоя: сканы (рукописное письмо / фото / детский рисунок)
144;heroes;hero-042;hero_scan_page;False;1;;True;scan_content_not_classified (письмо/фото/рисунок — нужна визуальная разметка);handwritten_letter;has_handwriting | has_low_readability;0.85;False;"previous: page_type=handwritten_letter, confidence=0.6 | Полноразмерный просмотр: обычная рукописная записка; уверенность повышена с 0.6";Страница без текстового слоя: сканы (рукописное письмо / фото / детский рисунок)
145;heroes;hero-043;hero_title;True;4;False;False;;;;;;;МОЙ ОТЕЦ ВЛАДИСЛАВ АЙМИР Республика Хакасия г. Абакан
146;heroes;hero-043;hero_scan_page;False;4;;True;scan_content_not_classified (письмо/фото/рисунок — нужна визуальная разметка);photo_collage;has_family_photo | has_multiple_photos;0.85;False;;Страница без текстового слоя: сканы (рукописное письмо / фото / детский рисунок)
147;heroes;hero-043;hero_scan_page;False;1;;True;scan_content_not_classified (письмо/фото/рисунок — нужна визуальная разметка);handwritten_letter;has_handwriting;0.8;False;;Страница без текстового слоя: сканы (рукописное письмо / фото / детский рисунок)
148;heroes;hero-044;hero_title;True;4;False;False;;;;;;;НАШ ОТЕЦ РАМИЛЬ РАНИЛЬ, ДАНИЛЬ Республика Татарстан г. Казань
149;heroes;hero-044;hero_scan_page;False;3;;True;scan_content_not_classified (письмо/фото/рисунок — нужна визуальная разметка);photo_collage;has_family_photo;0.8;False;;Страница без текстового слоя: сканы (рукописное письмо / фото / детский рисунок)
150;heroes;hero-044;hero_scan_page;False;1;;True;scan_content_not_classified (письмо/фото/рисунок — нужна визуальная разметка);handwritten_letter;;0.9;False;"текст очень ровный, похож на печатный/перепечатанный, не на почерк ребёнка | previous: page_type=typed_letter, confidence=0.55 | Полноразмерный просмотр: письмо написано ОТ РУКИ печатными буквами (не машинопись); тип изменён с typed_letter";Страница без текстового слоя: сканы (рукописное письмо / фото / детский рисунок)
151;heroes;hero-045;hero_title;True;4;False;False;;;;;;;НАШ ОТЕЦ САНАЛ ЭНКИРА, ЧИНГИЗ, ТЕНГИР Республика Калмыкия г. Элиста
152;heroes;hero-045;hero_scan_page;False;4;;True;scan_content_not_classified (письмо/фото/рисунок — нужна визуальная разметка);photo_collage;has_family_photo | has_multiple_photos;0.85;False;;Страница без текстового слоя: сканы (рукописное письмо / фото / детский рисунок)
153;heroes;hero-045;hero_scan_page;False;2;;True;scan_content_not_classified (письмо/фото/рисунок — нужна визуальная разметка);handwritten_letter;;0.9;False;"два коротких печатных блока текста с подписями | previous: page_type=typed_letter, confidence=0.55 | Полноразмерный просмотр: ДВЕ рукописные записки на странице (не машинопись); тип изменён с typed_letter";Страница без текстового слоя: сканы (рукописное письмо / фото / детский рисунок)
154;heroes;hero-046;hero_title;True;4;False;False;;;;;;;НАШ ОТЕЦ АНАТОЛИЙ СЕРГЕЙ, ЕКАТЕРИНА, ЕЛИЗАВЕТА Курганская область г. Курган
155;heroes;hero-046;hero_scan_page;False;3;;True;scan_content_not_classified (письмо/фото/рисунок — нужна визуальная разметка);photo_collage;has_portrait | has_family_photo;0.8;False;;Страница без текстового слоя: сканы (рукописное письмо / фото / детский рисунок)
156;heroes;hero-046;hero_scan_page;False;1;;True;scan_content_not_classified (письмо/фото/рисунок — нужна визуальная разметка);handwritten_letter;has_handwriting;0.9;False;;Страница без текстового слоя: сканы (рукописное письмо / фото / детский рисунок)
157;heroes;hero-047;hero_title;True;4;False;False;;;;;;;НАШ ОТЕЦ АЛЕКСАНДР ВЯЧЕСЛАВ, ЕГОР Тюменская область г. Тюмень
158;heroes;hero-047;hero_scan_page;False;3;;True;scan_content_not_classified (письмо/фото/рисунок — нужна визуальная разметка);photo_collage;has_multiple_photos;0.75;False;;Страница без текстового слоя: сканы (рукописное письмо / фото / детский рисунок)
159;heroes;hero-047;hero_scan_page;False;3;;True;scan_content_not_classified (письмо/фото/рисунок — нужна визуальная разметка);photo_collage;has_medal_or_award | has_multiple_photos;0.85;False;;Страница без текстового слоя: сканы (рукописное письмо / фото / детский рисунок)
160;heroes;hero-047;hero_scan_page;False;3;;True;scan_content_not_classified (письмо/фото/рисунок — нужна визуальная разметка);photo_collage;has_medal_or_award | has_family_photo;0.85;False;;Страница без текстового слоя: сканы (рукописное письмо / фото / детский рисунок)
161;heroes;hero-047;hero_scan_page;False;1;;True;scan_content_not_classified (письмо/фото/рисунок — нужна визуальная разметка);handwritten_letter;has_handwriting;0.9;False;;Страница без текстового слоя: сканы (рукописное письмо / фото / детский рисунок)
162;heroes;hero-048;hero_title;True;4;False;False;;;;;;;МОЙ ОТЕЦ ВЯЧЕСЛАВ ЗЛАТА Республика Башкортостан г. Уфа
163;heroes;hero-048;hero_scan_page;False;4;;True;scan_content_not_classified (письмо/фото/рисунок — нужна визуальная разметка);photo_collage;has_family_photo | has_multiple_photos;0.85;False;;Страница без текстового слоя: сканы (рукописное письмо / фото / детский рисунок)
164;heroes;hero-048;hero_scan_page;False;1;;True;scan_content_not_classified (письмо/фото/рисунок — нужна визуальная разметка);handwritten_letter;has_handwriting;0.9;False;;Страница без текстового слоя: сканы (рукописное письмо / фото / детский рисунок)
165;heroes;hero-049;hero_title;True;4;False;False;;;;;;;НАШ ОТЕЦ РОМАН ДАРИНА, ПАВЕЛ Приморский край г. Владивосток
166;heroes;hero-049;hero_scan_page;False;3;;True;scan_content_not_classified (письмо/фото/рисунок — нужна визуальная разметка);photo_collage;has_family_photo | has_multiple_photos;0.85;False;;Страница без текстового слоя: сканы (рукописное письмо / фото / детский рисунок)
167;heroes;hero-049;hero_scan_page;False;1;;True;scan_content_not_classified (письмо/фото/рисунок — нужна визуальная разметка);handwritten_letter;has_handwriting | has_low_readability;0.85;False;"previous: page_type=handwritten_letter, confidence=0.6 | Полноразмерный просмотр: рукописная записка печатными буквами; уверенность повышена с 0.6";Страница без текстового слоя: сканы (рукописное письмо / фото / детский рисунок)
168;heroes;hero-050;hero_title;True;4;False;False;;;;;;;НАШ ОТЕЦ МУСТАФА АМИНА, МУХАММАД, КАМИЛЛЯ Республика Ингушетия г. Магас
169;heroes;hero-050;hero_scan_page;False;2;;True;scan_content_not_classified (письмо/фото/рисунок — нужна визуальная разметка);photo_collage;has_family_photo | has_multiple_photos;0.85;False;;Страница без текстового слоя: сканы (рукописное письмо / фото / детский рисунок)
170;heroes;hero-050;hero_scan_page;False;2;;True;scan_content_not_classified (письмо/фото/рисунок — нужна визуальная разметка);photo_collage;has_family_photo | has_official_symbols;0.75;False;;Страница без текстового слоя: сканы (рукописное письмо / фото / детский рисунок)
171;heroes;hero-050;hero_scan_page;False;1;;True;scan_content_not_classified (письмо/фото/рисунок — нужна визуальная разметка);handwritten_letter;has_handwriting;0.9;False;;Страница без текстового слоя: сканы (рукописное письмо / фото / детский рисунок)
172;heroes;hero-051;hero_title;True;4;False;False;;person_opener;has_coat_of_arms | has_map;0.9;True;editorial_issue:eq-004 (A);МОЙ ОТЕЦ ВИКТОР ВЛАДА Ивановская область г. Иваново
173;heroes;hero-051;hero_scan_page;False;4;;True;scan_content_not_classified (письмо/фото/рисунок — нужна визуальная разметка);photo_collage;has_family_photo | has_multiple_photos;0.85;False;;Страница без текстового слоя: сканы (рукописное письмо / фото / детский рисунок)
174;heroes;hero-051;hero_scan_page;False;1;;True;scan_content_not_classified (письмо/фото/рисунок — нужна визуальная разметка);handwritten_letter;has_handwriting;0.9;False;;Страница без текстового слоя: сканы (рукописное письмо / фото / детский рисунок)
175;heroes;hero-052;hero_title;True;4;False;True;duplicate_title_text_of_page_172 (возможен дубль страницы или неисправленный шаблон);person_opener;has_coat_of_arms | has_map;0.9;True;"editorial_issue:eq-004 (B) — визуально идентична p.172 (тот же текст, герб, карта); visually_confirmed_duplicate; между p.172 и p.175 — свой полноценный комплект материалов (фотоколлаж+письмо) у каждого титула";МОЙ ОТЕЦ ВИКТОР ВЛАДА Ивановская область г. Иваново
176;heroes;hero-052;hero_scan_page;False;3;;True;scan_content_not_classified (письмо/фото/рисунок — нужна визуальная разметка);photo_collage;has_medal_or_award | has_family_photo;0.85;False;;Страница без текстового слоя: сканы (рукописное письмо / фото / детский рисунок)
177;heroes;hero-052;hero_scan_page;False;1;;True;scan_content_not_classified (письмо/фото/рисунок — нужна визуальная разметка);handwritten_letter;has_handwriting;0.9;False;;Страница без текстового слоя: сканы (рукописное письмо / фото / детский рисунок)
178;heroes;hero-053;hero_title;True;1;False;True;city_missing | duplicate_title_text_of_page_106 (возможен дубль страницы или неисправленный шаблон);person_opener;has_medal_or_award;0.9;True;editorial_issue:eq-001 (3/7) — тот же дефект: нет герба и карты | possible_placeholder;НАШ ОТЕЦ ВЯЧЕСЛАВ РУСЛАН, КАМИЛЛА, САБИНА Новосибирская область
179;heroes;hero-053;hero_scan_page;False;3;;True;scan_content_not_classified (письмо/фото/рисунок — нужна визуальная разметка);photo_collage;has_family_photo;0.8;False;;Страница без текстового слоя: сканы (рукописное письмо / фото / детский рисунок)
180;heroes;hero-053;hero_scan_page;False;1;;True;scan_content_not_classified (письмо/фото/рисунок — нужна визуальная разметка);handwritten_letter;has_handwriting;0.9;False;;Страница без текстового слоя: сканы (рукописное письмо / фото / детский рисунок)
181;heroes;hero-054;hero_title;True;4;False;False;;person_opener;has_medal_or_award | has_coat_of_arms | has_map;0.9;True;"editorial_issue:eq-002 — титул ПОЛНЫЙ (герб Волгоградской обл., карта); в отличие от 7 неполных титулов с теми же именами детей, этот титул структурно корректен";НАШ ОТЕЦ ВЯЧЕСЛАВ РУСЛАН, КАМИЛЛА, САБИНА Волгоградская область г. Волгоград
182;heroes;hero-054;hero_scan_page;False;4;;True;scan_content_not_classified (письмо/фото/рисунок — нужна визуальная разметка);photo_collage;has_family_photo | has_multiple_photos;0.85;False;;Страница без текстового слоя: сканы (рукописное письмо / фото / детский рисунок)
183;heroes;hero-054;hero_scan_page;False;3;;True;scan_content_not_classified (письмо/фото/рисунок — нужна визуальная разметка);photo_collage;has_family_photo;0.85;False;;Страница без текстового слоя: сканы (рукописное письмо / фото / детский рисунок)
184;heroes;hero-054;hero_scan_page;False;3;;True;scan_content_not_classified (письмо/фото/рисунок — нужна визуальная разметка);photo_collage;has_medal_or_award | has_family_photo;0.85;False;;Страница без текстового слоя: сканы (рукописное письмо / фото / детский рисунок)
185;heroes;hero-054;hero_scan_page;False;1;;True;scan_content_not_classified (письмо/фото/рисунок — нужна визуальная разметка);handwritten_letter;has_handwriting;0.9;False;;Страница без текстового слоя: сканы (рукописное письмо / фото / детский рисунок)
186;heroes;hero-055;hero_title;True;1;False;True;city_missing | duplicate_title_text_of_page_106 (возможен дубль страницы или неисправленный шаблон);person_opener;has_medal_or_award;0.9;True;editorial_issue:eq-001 (4/7) — тот же дефект: нет герба и карты | possible_placeholder;НАШ ОТЕЦ ВЯЧЕСЛАВ РУСЛАН, КАМИЛЛА, САБИНА Новосибирская область
187;heroes;hero-055;hero_scan_page;False;3;;True;scan_content_not_classified (письмо/фото/рисунок — нужна визуальная разметка);photo_collage;has_family_photo;0.85;False;;Страница без текстового слоя: сканы (рукописное письмо / фото / детский рисунок)
188;heroes;hero-055;hero_scan_page;False;1;;True;scan_content_not_classified (письмо/фото/рисунок — нужна визуальная разметка);handwritten_letter;has_handwriting;0.9;False;;Страница без текстового слоя: сканы (рукописное письмо / фото / детский рисунок)
189;heroes;hero-056;hero_title;True;1;False;True;city_missing | duplicate_title_text_of_page_106 (возможен дубль страницы или неисправленный шаблон);person_opener;has_medal_or_award;0.9;True;editorial_issue:eq-001 (5/7) — тот же дефект: нет герба и карты | possible_placeholder;НАШ ОТЕЦ ВЯЧЕСЛАВ РУСЛАН, КАМИЛЛА, САБИНА Новосибирская область
190;heroes;hero-056;hero_scan_page;False;3;;True;scan_content_not_classified (письмо/фото/рисунок — нужна визуальная разметка);photo_collage;has_family_photo;0.85;False;;Страница без текстового слоя: сканы (рукописное письмо / фото / детский рисунок)
191;heroes;hero-056;hero_scan_page;False;1;;True;scan_content_not_classified (письмо/фото/рисунок — нужна визуальная разметка);mixed_material;has_handwriting | has_child_art;0.7;False;заголовок «ГЕРОЙ!» + текст + рисунок-звезда;Страница без текстового слоя: сканы (рукописное письмо / фото / детский рисунок)
192;heroes;hero-057;hero_title;True;4;False;False;;;;;;;НАШ ОТЕЦ ИГОРЬ ВЛАДИСЛАВ, АРИНА Забайкальский Край г. Чита
193;heroes;hero-057;hero_scan_page;False;4;;True;scan_content_not_classified (письмо/фото/рисунок — нужна визуальная разметка);photo_collage;has_medal_or_award | has_family_photo | has_multiple_photos;0.85;False;;Страница без текстового слоя: сканы (рукописное письмо / фото / детский рисунок)
194;heroes;hero-057;hero_scan_page;False;1;;True;scan_content_not_classified (письмо/фото/рисунок — нужна визуальная разметка);handwritten_letter;has_handwriting;0.9;False;;Страница без текстового слоя: сканы (рукописное письмо / фото / детский рисунок)
195;heroes;hero-057;hero_scan_page;False;1;;True;scan_content_not_classified (письмо/фото/рисунок — нужна визуальная разметка);handwritten_letter;has_handwriting;0.9;False;;Страница без текстового слоя: сканы (рукописное письмо / фото / детский рисунок)
196;heroes;hero-058;hero_title;True;4;False;False;;;;;;;МОЙ ОТЕЦ ДМИТРИЙ ЮЛИАННА Забайкальский Край г. Чита
197;heroes;hero-058;hero_scan_page;False;3;;True;scan_content_not_classified (письмо/фото/рисунок — нужна визуальная разметка);photo_collage;has_family_photo;0.8;False;;Страница без текстового слоя: сканы (рукописное письмо / фото / детский рисунок)
198;heroes;hero-059;hero_title;True;4;False;False;;;;;;;МОЙ ОТЕЦ ИЛЬДАР АМИР Липецкая область г. Липецк
199;heroes;hero-059;hero_scan_page;False;3;;True;scan_content_not_classified (письмо/фото/рисунок — нужна визуальная разметка);photo_collage;has_family_photo;0.8;False;;Страница без текстового слоя: сканы (рукописное письмо / фото / детский рисунок)
200;heroes;hero-059;hero_scan_page;False;1;;True;scan_content_not_classified (письмо/фото/рисунок — нужна визуальная разметка);handwritten_letter;has_handwriting;0.85;False;;Страница без текстового слоя: сканы (рукописное письмо / фото / детский рисунок)
201;heroes;hero-060;hero_title;True;4;False;False;;;;;;;МОЙ ОТЕЦ ДЕНИС МИЛАНА Липецкая область г. Липецк
202;heroes;hero-060;hero_scan_page;False;2;;True;scan_content_not_classified (письмо/фото/рисунок — нужна визуальная разметка);photo_collage;has_family_photo | has_official_symbols;0.8;False;;Страница без текстового слоя: сканы (рукописное письмо / фото / детский рисунок)
203;heroes;hero-060;hero_scan_page;False;1;;True;scan_content_not_classified (письмо/фото/рисунок — нужна визуальная разметка);handwritten_letter;has_handwriting;0.9;False;;Страница без текстового слоя: сканы (рукописное письмо / фото / детский рисунок)
204;heroes;hero-061;hero_title;True;4;False;False;;person_opener;has_coat_of_arms | has_map;0.9;True;"editorial_issue:eq-007 — герб г. Москвы и карта присутствуют; повтор «г. Москва г. Москва» выглядит структурным (регион=город для городов федерального значения), та же структура у Санкт-Петербурга/Севастополя";МОЙ ОТЕЦ СЕРГЕЙ СОФИЯ г. Москва г. Москва
205;heroes;hero-061;hero_scan_page;False;3;;True;scan_content_not_classified (письмо/фото/рисунок — нужна визуальная разметка);photo_collage;has_family_photo;0.85;False;;Страница без текстового слоя: сканы (рукописное письмо / фото / детский рисунок)
206;heroes;hero-061;hero_scan_page;False;1;;True;scan_content_not_classified (письмо/фото/рисунок — нужна визуальная разметка);handwritten_letter;has_handwriting;0.85;False;;Страница без текстового слоя: сканы (рукописное письмо / фото / детский рисунок)
207;heroes;hero-062;hero_title;True;4;False;True;suspicious_characters_in_title;person_opener;has_coat_of_arms | has_map;0.9;True;editorial_issue:eq-005 — «АМИР????» отображается именно так на самом рендере слайда (не только в текстовом слое) -> вероятно нечитаемый спецсимвол/эмодзи прямо в исходном тексте PowerPoint;МОЙ ОТЕЦ АЛЕКСАНДР АМИР???? Оренбургская область г. Оренбург
208;heroes;hero-062;hero_scan_page;False;2;;True;scan_content_not_classified (письмо/фото/рисунок — нужна визуальная разметка);photo_collage;has_medal_or_award | has_family_photo;0.85;False;;Страница без текстового слоя: сканы (рукописное письмо / фото / детский рисунок)
209;heroes;hero-062;hero_scan_page;False;1;;True;scan_content_not_classified (письмо/фото/рисунок — нужна визуальная разметка);handwritten_letter;has_handwriting;0.9;False;;Страница без текстового слоя: сканы (рукописное письмо / фото / детский рисунок)
210;heroes;hero-063;hero_title;True;4;False;False;;;;;;;МОЙ ОТЕЦ НИКОЛАЙ КИРА Республика Хакасия г. Абакан
211;heroes;hero-063;hero_scan_page;False;3;;True;scan_content_not_classified (письмо/фото/рисунок — нужна визуальная разметка);photo_collage;has_medal_or_award | has_family_photo;0.85;False;;Страница без текстового слоя: сканы (рукописное письмо / фото / детский рисунок)
212;heroes;hero-063;hero_scan_page;False;1;;True;scan_content_not_classified (письмо/фото/рисунок — нужна визуальная разметка);handwritten_letter;has_handwriting;0.9;False;;Страница без текстового слоя: сканы (рукописное письмо / фото / детский рисунок)
213;heroes;hero-064;hero_title;True;1;False;True;city_missing | duplicate_title_text_of_page_106 (возможен дубль страницы или неисправленный шаблон);person_opener;has_medal_or_award;0.9;True;editorial_issue:eq-001 (6/7) — тот же дефект: нет герба и карты | possible_placeholder;НАШ ОТЕЦ ВЯЧЕСЛАВ РУСЛАН, КАМИЛЛА, САБИНА Новосибирская область
214;heroes;hero-064;hero_scan_page;False;3;;True;scan_content_not_classified (письмо/фото/рисунок — нужна визуальная разметка);photo_collage;has_family_photo | has_multiple_photos;0.85;False;;Страница без текстового слоя: сканы (рукописное письмо / фото / детский рисунок)
215;heroes;hero-064;hero_scan_page;False;1;;True;scan_content_not_classified (письмо/фото/рисунок — нужна визуальная разметка);handwritten_letter;has_handwriting;0.8;False;;Страница без текстового слоя: сканы (рукописное письмо / фото / детский рисунок)
216;heroes;hero-065;hero_title;True;1;False;True;city_missing | duplicate_title_text_of_page_106 (возможен дубль страницы или неисправленный шаблон);person_opener;has_medal_or_award;0.9;True;editorial_issue:eq-001 (7/7) — тот же дефект: нет герба и карты | possible_placeholder;НАШ ОТЕЦ ВЯЧЕСЛАВ РУСЛАН, КАМИЛЛА, САБИНА Новосибирская область
217;heroes;hero-065;hero_scan_page;False;2;;True;scan_content_not_classified (письмо/фото/рисунок — нужна визуальная разметка);photo_collage;has_family_photo;0.8;False;;Страница без текстового слоя: сканы (рукописное письмо / фото / детский рисунок)
218;heroes;hero-066;hero_title;True;4;False;False;;;;;;;НАШ ОТЕЦ ИЛЬГАМ МУРАТ, ДАНИЯР Республика Башкортостан г. Уфа
219;heroes;hero-066;hero_scan_page;False;3;;True;scan_content_not_classified (письмо/фото/рисунок — нужна визуальная разметка);photo_collage;has_family_photo;0.8;False;;Страница без текстового слоя: сканы (рукописное письмо / фото / детский рисунок)
220;heroes;hero-066;hero_scan_page;False;3;;True;scan_content_not_classified (письмо/фото/рисунок — нужна визуальная разметка);photo_collage;has_medal_or_award | has_family_photo;0.85;False;;Страница без текстового слоя: сканы (рукописное письмо / фото / детский рисунок)
221;heroes;hero-066;hero_scan_page;False;1;;True;scan_content_not_classified (письмо/фото/рисунок — нужна визуальная разметка);handwritten_letter;has_handwriting;0.9;False;;Страница без текстового слоя: сканы (рукописное письмо / фото / детский рисунок)
222;heroes;hero-066;hero_scan_page;False;1;;True;scan_content_not_classified (письмо/фото/рисунок — нужна визуальная разметка);handwritten_letter;has_handwriting;0.9;False;;Страница без текстового слоя: сканы (рукописное письмо / фото / детский рисунок)
223;heroes;hero-067;hero_title;True;4;False;False;;;;;;;НАШ ОТЕЦ ЕВГЕНИЙ ПОЛИНА, АННА, ЕГОР Свердловская область г. Екатеринбург
224;heroes;hero-067;hero_scan_page;False;3;;True;scan_content_not_classified (письмо/фото/рисунок — нужна визуальная разметка);photo_collage;has_family_photo | has_official_symbols;0.75;False;мемориальная табличка с цветами;Страница без текстового слоя: сканы (рукописное письмо / фото / детский рисунок)
225;heroes;hero-067;hero_scan_page;False;1;;True;scan_content_not_classified (письмо/фото/рисунок — нужна визуальная разметка);quotation;;0.7;False;печатный текст, похожий на стихотворение/посвящение;Страница без текстового слоя: сканы (рукописное письмо / фото / детский рисунок)
226;heroes;hero-068;hero_title;True;4;False;False;;;;;;;НАШ ОТЕЦ АБДУЛБЕК АКРАМАН, САЛИМА, ДАИД Чеченская Республика г. Грозный
227;heroes;hero-068;hero_scan_page;False;4;;True;scan_content_not_classified (письмо/фото/рисунок — нужна визуальная разметка);photo_collage;has_medal_or_award | has_family_photo | has_official_symbols;0.8;False;;Страница без текстового слоя: сканы (рукописное письмо / фото / детский рисунок)
228;heroes;hero-068;hero_scan_page;False;2;;True;scan_content_not_classified (письмо/фото/рисунок — нужна визуальная разметка);photo_collage;has_medal_or_award | has_portrait;0.8;False;;Страница без текстового слоя: сканы (рукописное письмо / фото / детский рисунок)
229;heroes;hero-068;hero_scan_page;False;1;;True;scan_content_not_classified (письмо/фото/рисунок — нужна визуальная разметка);handwritten_letter;has_handwriting;0.85;False;;Страница без текстового слоя: сканы (рукописное письмо / фото / детский рисунок)
230;heroes;hero-069;hero_title;True;4;False;False;;;;;;;МОЙ ОТЕЦ АНТОН ДМИТРИЙ Челябинская область г. Челябинск
231;heroes;hero-069;hero_scan_page;False;4;;True;scan_content_not_classified (письмо/фото/рисунок — нужна визуальная разметка);photo_collage;has_family_photo | has_multiple_photos | has_official_symbols;0.8;False;;Страница без текстового слоя: сканы (рукописное письмо / фото / детский рисунок)
232;heroes;hero-069;hero_scan_page;False;3;;True;scan_content_not_classified (письмо/фото/рисунок — нужна визуальная разметка);photo_collage;has_family_photo;0.85;False;;Страница без текстового слоя: сканы (рукописное письмо / фото / детский рисунок)
233;heroes;hero-069;hero_scan_page;False;2;;True;scan_content_not_classified (письмо/фото/рисунок — нужна визуальная разметка);mixed_material;has_handwriting | has_official_symbols | has_family_photo;0.7;False;фото церемонии/выпуска;Страница без текстового слоя: сканы (рукописное письмо / фото / детский рисунок)
234;heroes;hero-070;hero_title;True;4;False;False;;person_opener;has_coat_of_arms | has_map;0.9;True;editorial_issue:eq-006 (2-я страница той же проблемы) — на рендере слайда видна ТОЛЬКО усечённая надпись «г.Санкт- Петербур», как и на p.051;НАШ ОТЕЦ АЛЕКСЕЙ АННА, ЕКАТЕРИНА г. Санкт- Петербур г. Санкт-Петербург
235;heroes;hero-070;hero_scan_page;False;2;;True;scan_content_not_classified (письмо/фото/рисунок — нужна визуальная разметка);photo_collage;has_family_photo | has_official_symbols;0.8;False;;Страница без текстового слоя: сканы (рукописное письмо / фото / детский рисунок)
236;heroes;hero-070;hero_scan_page;False;1;;True;scan_content_not_classified (письмо/фото/рисунок — нужна визуальная разметка);handwritten_letter;has_handwriting;0.75;False;;Страница без текстового слоя: сканы (рукописное письмо / фото / детский рисунок)
237;heroes;hero-071;hero_title;True;4;False;False;;;;;;;МОЙ ОТЕЦ АЛЕКСАНДР ДАНИЛ Свердловская область г. Екатеринбург
238;heroes;hero-071;hero_scan_page;False;3;;True;scan_content_not_classified (письмо/фото/рисунок — нужна визуальная разметка);photo_collage;has_family_photo | has_official_symbols;0.8;False;мемориал «ПОМНИ ВОЙНУ»;Страница без текстового слоя: сканы (рукописное письмо / фото / детский рисунок)
239;heroes;hero-071;hero_scan_page;False;1;;True;scan_content_not_classified (письмо/фото/рисунок — нужна визуальная разметка);handwritten_letter;has_handwriting;0.9;False;;Страница без текстового слоя: сканы (рукописное письмо / фото / детский рисунок)
240;heroes;hero-072;hero_title;True;4;False;False;;;;;;;НАШ ОТЕЦ ФЕДОР АНАСТАСИЯ, МИХАИЛ Нижегородская область г. Нижний Новгород
241;heroes;hero-072;hero_scan_page;False;2;;True;scan_content_not_classified (письмо/фото/рисунок — нужна визуальная разметка);mixed_material;has_official_symbols | has_family_photo | has_caption;0.7;False;мемориальная табличка с ФИО и датами + семейное фото;Страница без текстового слоя: сканы (рукописное письмо / фото / детский рисунок)
242;heroes;hero-072;hero_scan_page;False;2;;True;scan_content_not_classified (письмо/фото/рисунок — нужна визуальная разметка);mixed_material;has_medal_or_award | has_handwriting | has_family_photo;0.75;False;;Страница без текстового слоя: сканы (рукописное письмо / фото / детский рисунок)
243;heroes;hero-073;hero_title;True;4;False;False;;;;;;;НАШ ОТЕЦ АНДРЕЙ АННА, ВИКТОР Челябинская область г. Челябинск
244;heroes;hero-073;hero_scan_page;False;3;;True;scan_content_not_classified (письмо/фото/рисунок — нужна визуальная разметка);photo_collage;has_family_photo;0.85;False;;Страница без текстового слоя: сканы (рукописное письмо / фото / детский рисунок)
245;heroes;hero-073;hero_scan_page;False;1;;True;scan_content_not_classified (письмо/фото/рисунок — нужна визуальная разметка);handwritten_letter;has_handwriting;0.8;False;;Страница без текстового слоя: сканы (рукописное письмо / фото / детский рисунок)
246;heroes;hero-074;hero_title;True;4;False;False;;;;;;;МОЙ ОТЕЦ АРТУР ДИНАР Республика Башкортостан г. Уфа
247;heroes;hero-074;hero_scan_page;False;2;;True;scan_content_not_classified (письмо/фото/рисунок — нужна визуальная разметка);mixed_material;has_official_symbols | has_caption | has_family_photo;0.7;False;мемориальная плита с ФИО и датами + групповое фото;Страница без текстового слоя: сканы (рукописное письмо / фото / детский рисунок)
248;heroes;hero-074;hero_scan_page;False;2;;True;scan_content_not_classified (письмо/фото/рисунок — нужна визуальная разметка);photo_collage;has_family_photo | has_official_symbols;0.8;False;;Страница без текстового слоя: сканы (рукописное письмо / фото / детский рисунок)
249;heroes;hero-074;hero_scan_page;False;1;;True;scan_content_not_classified (письмо/фото/рисунок — нужна визуальная разметка);handwritten_letter;has_handwriting;0.9;False;;Страница без текстового слоя: сканы (рукописное письмо / фото / детский рисунок)
250;heroes;hero-075;hero_title;True;4;False;False;;;;;;;НАШ ОТЕЦ АНДРЕЙ МАРГАРИТА, ПЕТР Амурская область г. Благовещенск
251;heroes;hero-075;hero_scan_page;False;3;;True;scan_content_not_classified (письмо/фото/рисунок — нужна визуальная разметка);photo_collage;has_medal_or_award | has_family_photo;0.85;False;;Страница без текстового слоя: сканы (рукописное письмо / фото / детский рисунок)
252;heroes;hero-075;hero_scan_page;False;1;;True;scan_content_not_classified (письмо/фото/рисунок — нужна визуальная разметка);handwritten_letter;has_handwriting;0.75;False;;Страница без текстового слоя: сканы (рукописное письмо / фото / детский рисунок)
253;heroes;hero-076;hero_title;True;4;False;False;;;;;;;МОЙ ОТЕЦ НИКОЛАЙ АННА Ханты-Мансийский АО - Югра г. Ханты-Мансийск
254;heroes;hero-076;hero_scan_page;False;3;;True;scan_content_not_classified (письмо/фото/рисунок — нужна визуальная разметка);photo_collage;has_medal_or_award | has_family_photo;0.85;False;;Страница без текстового слоя: сканы (рукописное письмо / фото / детский рисунок)
255;heroes;hero-076;hero_scan_page;False;1;;True;scan_content_not_classified (письмо/фото/рисунок — нужна визуальная разметка);handwritten_letter;has_handwriting;0.85;False;последняя страница книги (255/255);Страница без текстового слоя: сканы (рукописное письмо / фото / детский рисунок)
